{"cameraMode":{"drawMode":0,"name":"Shaded","section":"Shading Mode"},"sceneLighting":true,"audioPlay":false,"sceneViewState":{"m_AlwaysRefresh":false,"showFog":true,"showSkybox":true,"showFlares":true,"showImageEffects":true,"showParticleSystems":true,"showVisualEffectGraphs":true,"m_FxEnabled":true},"in2DMode":false,"pivot":{"x":-31.940731048583986,"y":0.9996589422225952,"z":-0.002219676971435547},"rotation":{"x":-0.27181240916252139,"y":0.6921243667602539,"z":-0.320620596408844,"w":-0.5867640972137451},"size":0.8660253882408142,"orthographic":false}